drug_name,boxed_warning,contraindications_len,indications_len,manufacturer
silicea,0,0,10,"Rxhomeo Private Limited d.b.a. Rxhomeo, Inc"
,0,0,16,Unknown
povidone-iodine,0,0,12,"Atlantis Consumer Healthcare, Inc."
,0,0,4,Unknown
,0,30,26,Unknown
naproxen,1,146,131,A-S Medication Solutions
,0,0,21,Unknown
benzalkonium chloride,0,0,9,Walmart Inc.
,0,0,11,Unknown
,0,0,59,Unknown
salicylic acid,0,0,6,Equate
cuprum aceticum nicotiana,0,0,5,Uriel Pharmacy Inc.
trametinib,0,7,679,Novartis Pharmaceuticals Corporation
,0,18,1218,Unknown
glimepiride,0,84,103,American Health Packaging
,1,207,514,Unknown
methocarbamol,0,18,58,Proficient Rx LP
hydrocortisone,0,0,63,"Meijer, Inc."
"levothyroxine, liothyronine",1,49,129,"Acella Pharmaceuticals, LLC"
varenicline,0,35,40,Aurobindo Pharma Limited
,0,0,21,Unknown
,0,0,35,Unknown
"helianthemum nummularium flower, clematis vitalba flower, impatiens glandulifera flower, prunus cerasifera flower, ornithogalum umbellatum, and aesculus hippocastanum flower",0,0,12,"Nelson Bach USA, Ltd."
acetaminophen,0,0,28,Valu Merchandisers Company
,0,0,12,Unknown
,0,0,25,Unknown
,1,71,236,Unknown
,0,0,31,Unknown
glycerin,0,0,50,"OASIS Medical, Inc."
,0,56,126,Unknown
polymyxin b sulfate and trimethoprim sulfate,0,1,3,A-S Medication Solutions
,0,17,81,Unknown
"benzocaine, resorcinol",0,0,4,"FOURSTAR GROUP USA, INC."
,0,0,15,Unknown
,0,29,97,Unknown
,0,0,5,Unknown
,1,18,338,Unknown
,0,0,14,Unknown
,0,0,4,Unknown
,0,0,11,Unknown
aluminum chlorohydrate,0,0,4,"Sodalis USA, LLC"
betamethasone dipropionate,0,36,64,"Taro Pharmaceuticals U.S.A., Inc."
,0,0,15,Unknown
,1,72,68,Unknown
povidone-iodine,0,0,4,"Lights Medical Manufacture Co., Ltd."
calcium acetate,0,9,46,"Cipla USA Inc.,"
,0,0,5,Unknown
,0,0,8,Unknown
,0,0,20,Unknown
sacubitril and valsartan,1,112,192,Novartis Pharmaceuticals Corporation
,1,77,280,Unknown
,0,0,19,Unknown
,0,63,87,Unknown
,0,0,27,Unknown
,0,0,4,Unknown
petrolatum and lanolin,0,0,28,"ABBE Laboratories, Inc."
,0,0,14,Unknown
,0,71,19,Unknown
,0,0,7,Unknown
,0,0,35,Unknown
etodolac,1,76,69,A-S Medication Solutions
,0,17,589,Unknown
,1,19,73,Unknown
,1,36,689,Unknown
acetaminophen,0,0,37,Amazon.com Services LLC
,0,14,353,Unknown
,1,46,203,Unknown
"lidocaine, menthol",0,0,6,"Village Pharma, LLC"
sodium fluoride,0,0,8,"Meijer Distribution, Inc."
sertraline hydrochloride,1,135,1433,Proficient Rx LP
benzalkonium chloride,0,0,9,Sante Manufacturing Inc
esomeprazole magnesium,0,0,29,CVS Pharmacy
,0,65,22,Unknown
"avobenzone, homosalate, octisalate, titanium dioxide",0,0,27,EM Cosmetics LLC
"octisalate, titanium dioxide",0,0,31,Parfums Christian Dior
,1,33,200,Unknown
polyethylene glycol 400,0,0,19,Strategic Sourcing Services LLC
,0,0,3,Unknown
,0,0,45,Unknown
"polyethylene glycol 400, tetrahydrozoline hcl",0,0,25,Strategic Sourcing Services LLC
,0,20,81,Unknown
,0,0,14,Unknown
,0,0,22,Unknown
,1,53,105,Unknown
,0,0,0,Unknown
,0,0,30,Unknown
nicotine polacrilex,0,0,11,Rite Aid Corporation
isopropyl alcohol,0,0,15,Cariba International
,0,0,31,Unknown
,0,0,5,Unknown
dronabinol,0,55,88,Bryant Ranch Prepack
,0,55,469,Unknown
,0,9,372,Unknown
,1,39,536,Unknown
,1,93,125,Unknown
,0,126,443,Unknown
,0,28,27,Unknown
,0,0,4,Unknown
fludrocortisone acetate,0,24,31,American Health Packaging
,0,0,0,Unknown
fluticasone propionate,0,89,79,GlaxoSmithKline LLC
enalapril maleate,1,97,266,REMEDYREPACK INC.
lacosamide,0,6,117,"Somerset Therapeutics, LLC"
salicylic acid,0,0,16,L'Oreal USA Products Inc
naproxen sodium 220mg,0,0,26,"Command Brands, LLC"
,0,47,4,Unknown
chloroxylenol,0,0,15,"Pro chem, Inc."
,0,0,13,Unknown
,0,0,17,Unknown
carbamide peroxide,0,0,14,"Cardinal Health, Inc."
,0,0,29,Unknown
,0,0,1,Unknown
,0,0,1,Unknown
amphetamine sulfate,1,26,171,SpecGx LLC
,0,0,1,Unknown
,0,0,35,Unknown
even tone plus niacinamide apple blossom and mango butter dry spray 72h antiperspirant deodorant,0,0,5,"Conopco, Inc. d/b/a Unilever"
even tone plus niacinamide peach blossom and rice milk dry spray 72h antiperspirant deodorant,0,0,5,"Conopco, Inc. d/b/a Unilever"
,0,0,18,Unknown
,0,0,31,Unknown
,0,0,35,Unknown
,0,0,12,Unknown
apis mell.,0,0,23,"True Botanica, LLC"
even tone plus niacinamide shea butter and vanilla dry spray 72h antiperspirant deodorant,0,0,5,"Conopco, Inc. d/b/a Unilever"
,1,85,17,Unknown
,0,0,31,Unknown
,0,21,44,Unknown
"bellis perennis, hypericum perfomatum,toxicodendron pubscens leaf, ruta graveolens flowering top",0,0,30,"Schwabe Mexico, S.A. de C.V."
,0,34,19,Unknown
,1,218,187,Unknown
,1,30,120,Unknown
phenazopyridine,0,28,174,Bryant Ranch Prepack
,0,0,19,Unknown
"avobenzone, homosalate, octisalate, and octocrylene",0,0,30,The Procter & Gamble Manufacturing Company
aluminum chlorohydrate,0,0,4,Cardinal Health
,0,0,36,Unknown
zinc oxide,0,0,36,9055-7588 Quebec Inc. (Attitude)
famotidine,0,45,152,"PD-Rx Pharmaceuticals, Inc."
menthol,0,0,16,WalMart
,0,0,22,Unknown
,0,20,54,Unknown
zinc oxide,0,0,29,Eminence Organic Skin Care
,0,0,43,Unknown
,0,0,18,Unknown
,0,0,14,Unknown
loratadine,0,0,30,Safeway
,0,0,37,Unknown
,0,0,8,Unknown
aluminium fluoratum,0,0,0,"Hahnemann Laboratories, INC."
,0,0,14,Unknown
,0,0,0,Unknown
,1,139,238,Unknown
tetrahydrozoline hcl,0,0,11,Strategic Sourcing Services LLC
,0,0,22,Unknown
,0,0,22,Unknown
,0,0,22,Unknown
olanzapine,1,102,929,"Lannett Company, Inc."
,1,24,21,Unknown
,0,80,343,Unknown
,0,12,10,Unknown
,0,0,22,Unknown
,0,40,14,Unknown
eculizumab-aeeb,1,38,179,Amgen Inc
"adenosine, niacinamide",0,0,28,LAON COMMERCE co ltd
aluminium nitricum,0,0,0,"Hahnemann Laboratories, INC."
,0,28,143,Unknown
nitisinone,0,7,64,Swedish Orphan Biovitrum AB (publ)
"garlic, avena sativa flowering top, angelica archangelica root, arabica coffee bean, holy basil leaf, passiflora edulis flower, scutellaria lateriflora whole, verbena hastata top, and macropiper methysticum root",0,0,12,Forces of Nature
,0,0,14,Unknown
"titanium dioxide, zinc oxide",0,0,30,Kenvue Brands LLC
,0,0,20,Unknown
"ascorbic acid, sodium fluoride, vitamin a and vitamin d",0,0,175,"Method Pharmaceuticals, LLC"
,1,88,143,Unknown
,1,44,483,Unknown
,1,25,399,Unknown
ondansetron hydrochloride,0,63,152,"NCS HealthCare of KY, LLC dba Vangard Labs"
"avobenzone, octinoxate, octisalate, octocrylene",0,0,4,"Owens & Minor Distribution, Inc."
,0,0,16,Unknown
azithromycin,0,77,641,Preferred Pharmaceuticals Inc.
divalproex sodium,1,252,589,Mylan Pharmaceuticals Inc.
,0,0,10,Unknown
,1,167,79,Unknown
,0,0,29,Unknown
phenylephrine hydrochloride,0,0,29,Harris Teeter
metoclopramide,1,102,229,American Health Packaging
,0,0,10,Unknown
,0,0,14,Unknown
even tone plus niacinamide peach blossom and rice milk antiperspirant deodorant,0,0,5,Conopco Inc. d/b/a/ Unilever
,0,26,162,Unknown
,0,36,19,Unknown
even tone plus niacinamide apple blossom and mango butter antiperspirant deodorant,0,0,5,Conopco Inc. d/b/a/ Unilever
even tone plus niacinamide shea butter and vanilla antiperspirant deodorant,0,0,5,Conopco Inc. d/b/a/ Unilever
acetaminophen,0,0,29,WALMART INC.
even tone plus niacinamide rosewood and powder antiperspirant deodorant,0,0,5,Conopco Inc. d/b/a/ Unilever
,0,0,10,Unknown
diphenhydramine hcl,0,0,43,Best Choice
,0,0,30,Unknown
lamotrigine,1,51,325,"Endo USA, Inc."
pyrithione zinc,0,0,6,The Procter & Gamble Manufacturing Company
,0,0,22,Unknown
,0,0,40,Unknown
,0,0,17,Unknown
,0,0,10,Unknown
,0,24,57,Unknown
,0,0,22,Unknown
,0,0,22,Unknown
,0,0,22,Unknown
first aid burn cream,0,0,23,ProStat First Aid LLC
,0,0,12,Unknown
,0,0,18,Unknown
loratadine,0,0,30,CVS Pharmacy
,0,62,132,Unknown
cisplatin,1,42,137,Sagent Pharmaceuticals
aspirin,0,0,48,"P & L Development, LLC"
"octinoxate, oxybenzone",0,0,4,Amway Corp
,0,114,163,Unknown
hydrocodone bitartrate and acetaminophen,1,60,94,"Northwind Pharmaceuticals, LLC"
,1,121,218,Unknown
,0,0,36,Unknown
menthol,0,0,16,WalMart
magnesium hydroxide,0,0,14,Strategic Sourcing Services LLC
,0,0,29,Unknown
,0,0,54,Unknown
,1,151,379,Unknown
,0,0,30,Unknown
nicotine polacrilex,0,0,11,Dr. Reddy's Laboratories Inc.
,0,0,5,Unknown
pyrithione zinc,0,0,8,The Procter & Gamble Manufacturing Company
,1,22,70,Unknown
pyrithione zinc,0,0,8,The Procter & Gamble Manufacturing Company
,0,0,24,Unknown
,0,0,5,Unknown
,0,0,41,Unknown
bismuth subsalicylate,0,0,17,Proficient Rx LP
amlodipine besylate,0,21,572,"Lupin Pharmaceuticals, Inc."
,0,16,500,Unknown
,0,0,6,Unknown
sunscreen,0,0,37,"Swiss-American CDMO, LLC"
,0,0,30,Unknown
,0,0,20,Unknown
aluminium phosphoricum,0,0,0,"Hahnemann Laboratories, INC."
,0,0,14,Unknown
,0,66,17,Unknown
,0,0,11,Unknown
perphenazine,1,114,45,Zydus Lifesciences Limited
,0,0,11,Unknown
,0,0,49,Unknown
,0,0,96,Unknown
,0,0,9,Unknown
,0,42,86,Unknown
aluminum sesquichlorohydrate,0,0,4,"A.P. Deauville, LLC"
naproxen,1,146,131,Bryant Ranch Prepack
,0,0,5,Unknown
"polyethylene glycol 400, propylene glycol",0,0,14,Strategic Sourcing Services LLC
,0,0,25,Unknown
,0,0,36,Unknown
,0,0,22,Unknown
"glycerin, naphazoline hcl",0,0,40,Strategic Sourcing Services LLC
,1,243,218,Unknown
,0,0,26,Unknown
"acetaminophen, dextromethorphan hbr, phenylephrine hcl",0,0,31,Family Dollar (FAMILY WELLNESS)
,1,36,731,Unknown
,0,0,34,Unknown
,0,0,5,Unknown
rivastigmine tartrate,0,107,70,Alembic Pharmaceuticals Inc.
ketorolac tromethamine,1,274,242,"Asclemed USA, Inc."
,1,31,19,Unknown
,0,0,28,Unknown
,0,0,26,Unknown
,0,0,22,Unknown
,0,0,17,Unknown
"baptisia tinctoria, echinacea (angustifolia), adrenalinum, allium cepa, ambrosia artemisiaefolia, arsenicum album, euphrasia officinalis, histaminum hydrochloricum, natrum muriaticum, natrum sulphuricum, nux vomica, phosphorus, pulsatilla (pratensis), sabadilla, sinapis nigra, solidago virgaurea, sulphur, wyethia helenioides",0,0,23,"Energique, Inc."
,1,45,484,Unknown
,0,0,15,Unknown
,1,140,63,Unknown
,0,0,14,Unknown
dimethicone,0,0,26,Rejoice International
,0,0,0,Unknown
,0,0,14,Unknown
,0,9,65,Unknown
teens strawberry sparkle 48h antiperspirant,0,0,5,"Conopco, Inc. d/b/a Unilever"
advanced coconut water and lime dry spray 72h antiperspirant deodorant,0,0,5,"Conopco, Inc. d/b/a Unilever"
"burn ease, 3.5g",0,0,14,ProStat First Aid LLC
,0,0,31,Unknown
dipyridamole,0,10,24,Zydus Pharmaceuticals USA Inc.
naproxen,1,126,53,TruPharma LLC
,1,67,101,Unknown
alcohol,0,0,14,"Degasa, S.A. de C.V."
,0,0,28,Unknown
,0,0,26,Unknown
,0,62,130,Unknown
"ps-3885 burn ease, 3.5g",0,0,15,ProStat First Aid LLC
,1,67,39,Unknown
"ps-3866 burn ease, 0.9g",0,0,15,ProStat First Aid LLC
"dextromethorphan hbr, guaifenesin",0,0,30,Efficient Laboratories Inc
castor oil,0,0,18,"Strategic Sourcing Services, LLC"
,0,0,16,Unknown
,0,30,85,Unknown
loratadine,0,0,30,Rite Aid Corporation
tramadol hydrochloride,1,197,248,"Sun Pharmaceutical Industries, Inc."
"avobenzone, octisalate, octocrylene, homosalate",0,0,9,"Supergoop, LLC"
,0,0,24,Unknown
lorlatinib,0,34,71,U.S. Pharmaceuticals
,0,41,333,Unknown
,0,0,26,Unknown
,0,0,7,Unknown
allopurinol,1,38,240,Bryant Ranch Prepack
,0,19,163,Unknown
,0,0,17,Unknown
"glycerin 14.4%, lidocaine 5%, petrolatum 15%, phenylephrine hcl 0.25%",0,0,47,"Derma Care Research Labs, LLC"
simethicone,0,0,13,Walgreens
lidocaine hydrochloride,1,26,39,"NuCare Pharmaceuticals,Inc."
aluminium sulphuricum,0,0,0,"Hahnemann Laboratories, INC."
"ps - 2895 triple antibiotic , 0.5g",0,0,13,Prostat First Aid LLC
,0,0,71,Unknown
,0,0,0,Unknown
amanita pantherina,0,0,0,"Hahnemann Laboratories, INC."
,0,0,4,Unknown
clotrimazole,0,0,26,Preferred Pharmaceuticals Inc.
diclofenac sodium,0,0,53,"NuCare Pharmaceuticals,Inc."
tocilizumab,1,27,283,Biogen MA Inc.
,0,0,29,Unknown
ammonium bromatum,0,0,0,"Hahnemann Laboratories, INC."
,0,11,365,Unknown
,0,0,10,Unknown
"avobenzone,homosalate,octisalate,octocrylene",0,0,31,YB CHEMIA LLC
ammonium carbonicum,0,0,0,"Hahnemann Laboratories, INC."
"polyethylene glycol 400, propylene glycol",0,0,15,Strategic Sourcing Services LLC
,0,0,24,Unknown
"betula (pendula) cortex, caltha palustris, galium aparine, thuja occidentalis, urtica urens, clematis erecta, hedera helix, juniperus communis, quillaja saponaria, sempervivum tectorum, echinacea (angustifolia), argentum metallicum, calcarea fluorica, nitricum acidum, sedum acre, phosphorus, apis mellifica, pyrogenium, ononis spinosa",0,0,43,"Deseret Biologicals, Inc."
,0,0,10,Unknown
,0,2,114,Unknown
,1,85,87,Unknown
"menthol, methyl salicylate",0,0,18,The Mentholatum Company
,1,1,570,Unknown
,0,0,19,Unknown
,0,0,29,Unknown
omeprazole,0,0,29,Chain Drug Marketing Association INC
aspirin,0,0,48,"P & L Development, LLC"
,0,0,21,Unknown
,0,0,8,Unknown
,0,0,125,Unknown
,0,0,26,Unknown
,0,0,47,Unknown
,1,96,111,Unknown
,0,0,18,Unknown
"octocrylene, octisalate, and avobenzone",0,0,30,"Tropical Seas, Inc."
oseltamivir phosphate,0,70,298,"Lannett Company, Inc."
doxylamine succinate,0,0,8,"United Natural Foods, Inc. dba UNFI"
,0,20,87,Unknown
,0,0,22,Unknown
white petrolatum,0,0,31,Strategic Sourcing Services LLC
acetaminophen,0,0,28,VALU MERCHANDISERS COMPANY
,0,0,17,Unknown
lamivudine and zidovudine,1,37,60,Bryant Ranch Prepack
pediculicide,0,0,19,Alliance Pharma Inc.
,0,0,46,Unknown
,1,60,34,Unknown
,0,0,10,Unknown
,0,0,26,Unknown
,0,28,105,Unknown
prednisone,0,9,370,A-S Medication Solutions
atropine sulfate,0,3,41,"HF Acquisition Co LLC, DBA HealthFirst"
,0,0,17,Unknown
,1,144,69,Unknown
,1,43,478,Unknown
,0,0,20,Unknown
potassium chloride,0,19,74,"Epic Pharma, LLC"
,0,0,34,Unknown
,0,0,33,Unknown
omeprazole,0,139,553,"Golden State Medical Supply, Inc."
cromolyn sodium,0,14,36,Meda Pharmaceuticals Inc.
duloxetine hydrochloride,1,153,135,"Golden State Medical Supply, Inc."
prednisone,0,14,364,Bryant Ranch Prepack
tranexamic acid,0,109,76,"Avenacy, Inc."
,0,0,44,Unknown
doxorubicin hydrochloride,1,123,190,Pfizer Laboratories Div Pfizer Inc
palonosetron hydrochloride,0,34,275,"Avenacy, Inc."
sodium fluoride,0,0,5,Colgate-Palmolive Company
ammonium causticum,0,0,0,"Hahnemann Laboratories, INC."
"menthol, white petrolatum, zinc oxide",0,0,77,"Medline Industries, LP"
ibuprofen,0,0,26,CVS Pharmacy
levonorgestrel and ethinyl estradiol,1,322,50,Aurobindo Pharma Limited
,0,0,6,Unknown
,0,13,58,Unknown
,0,0,5,Unknown
,0,0,14,Unknown
amitriptyline hydrochloride,1,124,23,A-S Medication Solutions
ammonium muriaticum,0,0,0,"Hahnemann Laboratories, INC."
,0,16,239,Unknown
ezetimibe and simvastatin,0,140,281,"Actavis Pharma, Inc."
ammonium phosphoricum,0,0,0,"Hahnemann Laboratories, INC."
,0,0,13,Unknown
"acetaminophen, diphenhydramine hydrochloride, and phenylephrine hydrochloride",0,0,34,RB Health (US) LLC
,0,0,32,Unknown
,0,0,13,Unknown
"dextromethorphan hbr, guaifenesin, phenylephrine hcl",0,0,62,"Good Sense (Geiss, Destin & Dunn, Inc.)"
,0,0,8,Unknown
pyrithione zinc,0,0,11,"Wal-Mart Stores, Inc."
,1,161,566,Unknown
pramipexole dihydrochloride,0,5,34,Dr. Reddy's Laboratories Limited
,0,0,12,Unknown
,0,0,31,Unknown
polyethylene glycol 3350,0,0,17,CVS Pharmacy
ibuprofen,0,0,35,American Sales Company
,1,75,117,Unknown
,0,52,210,Unknown
leflunomide,1,137,39,"Chartwell RX, LLC"
lubiprostone,0,34,223,Dr. Reddy's Laboratories Inc.
silicea belladonna special order,0,0,5,Uriel Pharmacy Inc.
,1,88,116,Unknown
,0,0,58,Unknown
,1,248,319,Unknown
verapamil hydrochloride,0,81,420,Bryant Ranch Prepack
,0,0,24,Unknown
menthol,0,0,43,"Cosmuses Cosmetics (Ningbo) Co., Ltd."
,0,10,365,Unknown
ampicillin sodium and sulbactam sodium,0,62,363,Meitheal Pharmaceuticals Inc.
,0,18,58,Unknown
benzocaine,0,0,21,"Mycone Dental Supply Co., Inc DBA Keystone Industries and Deepak Products Inc"
,0,0,26,Unknown
,0,0,0,Unknown
,0,0,13,Unknown
,0,0,4,Unknown
,0,55,460,Unknown
ziprasidone,1,238,334,NorthStar Rx LLC
,0,19,28,Unknown
,0,0,15,Unknown
,0,33,114,Unknown
lidocaine,0,26,46,Direct_Rx
glipizide,0,31,26,Bryant Ranch Prepack
"ps-2261 triple antibiotic, 0.5g",0,0,13,ProStat First Aid LLC
,0,0,24,Unknown
isopropyl alcohol,0,0,16,AmerisourceBergen (Good Neighbor Pharmacy) 46122
,0,0,17,Unknown
"white petrolatum, zinc oxide",0,0,17,"Medline Industries, LP"
,1,82,818,Unknown
monofluorophosphate,0,0,8,Target
,0,0,30,Unknown
bacitracin,0,0,15,A-S Medication Solutions
,0,0,26,Unknown
"ps-2896 hydrocortisone cream 1%, 0.9g",0,0,40,ProStat First Aid LLC
,0,0,30,Unknown
oxygen,0,0,0,"Arkansas Welding Supply, Inc."
white petrolatum,0,0,20,"Medline Industries, LP"
,0,0,30,Unknown
,0,0,6,Unknown
,0,0,21,Unknown
acne spot treatment,0,0,6,Kamedis
white petrolatum,0,0,39,"Medline Industries, LP"
,0,0,30,Unknown
gadobutrol,1,28,251,"Fresenius Kabi USA, LLC"
ps-2205 bzk antiseptic towelettes,0,0,14,ProStat First Aid LLC
atropine sulfate,0,3,41,"HF Acquisition Co LLC, DBA HealthFirst"
,0,96,110,Unknown
,0,0,32,Unknown
,0,22,37,Unknown
clopidogrel bisulfate,1,69,226,Aurobindo Pharma Limited
,0,0,16,Unknown
amoxicillin,0,54,458,"Northwind Pharmaceuticals, LLC"
ketorolac tromethamine,0,30,72,Aurobindo Pharma Limited
entecavir,1,5,107,Amneal Pharmaceuticals LLC
,0,9,48,Unknown
rizatriptan benzoate,0,263,194,Organon LLC
,0,22,47,Unknown
,0,0,5,Unknown
tramadol hydrochloride,1,231,281,"Unichem Pharmaceuticals (USA), Inc."
etodolac,1,72,68,"PD-Rx Pharmaceuticals, Inc."
,0,0,5,Unknown
,0,0,5,Unknown
capecitabine,1,34,426,Dr. Reddy's Laboratories Limited
trazodone hydrochloride,1,71,38,A-S Medication Solutions
,0,28,92,Unknown
,0,0,11,Unknown
,1,313,81,Unknown
,0,0,29,Unknown
,0,7,223,Unknown
,1,25,74,Unknown
,0,0,33,Unknown
"dextromethorphan hydrobromide, doxylamine succinate",0,0,17,"P & L Development, LLC"
silver sulfadiazine,0,66,33,Bryant Ranch Prepack
,0,212,21,Unknown
sevelamer carbonate,0,53,64,DR. REDDY'S LABORATORIES LIMITED
,0,0,12,Unknown
clotrimazole,0,0,27,"Pharmaceutica North America, Inc"
,0,112,155,Unknown
,1,82,328,Unknown
,0,0,16,Unknown
ibuprofen,1,72,96,Aurobindo Pharma Limited
,1,116,863,Unknown
air,0,0,0,"SYOXSA, Inc."
benzalkonium chloride,0,0,15,Biopure Services Llc
,0,0,40,Unknown
zinc pyrithione,0,0,12,HIMS INC
,1,19,102,Unknown
,0,0,6,Unknown
simvastatin,0,141,248,"PD-Rx Pharmaceuticals, Inc."
,0,0,5,Unknown
,0,0,11,Unknown
,0,0,23,Unknown
diltiazem hydrochloride,0,72,46,Bryant Ranch Prepack
,0,0,0,Unknown
lidocaine,0,0,5,"Chattem, Inc."
,1,111,99,Unknown
,0,50,338,Unknown
acetaminophen,0,0,26,Topco Associates LLC
,0,0,0,Unknown
,0,0,19,Unknown
,0,0,5,Unknown
,0,0,23,Unknown
levothyroxine sodium,1,23,213,A-S Medication Solutions
,0,25,42,Unknown
,0,28,40,Unknown
,1,131,1483,Unknown
mafenide acetate,0,23,20,"Rising Pharma Holdings, Inc."
,0,38,252,Unknown
,1,135,134,Unknown
indomethacin,1,132,78,"PD-Rx Pharmaceuticals, Inc."
,1,258,210,Unknown
capsaicin,0,0,22,"Alexso, Inc"
,0,0,16,Unknown
,0,0,28,Unknown
,0,53,37,Unknown
,0,0,12,Unknown
hydrocortisone acetate,0,37,34,Meda Pharmaceuticals Inc.
,0,85,169,Unknown
vancomycin hydrochloride,0,15,394,Gland Pharma Limited
,0,0,29,Unknown
,0,0,30,Unknown
,0,0,6,Unknown
chloroxylenol,0,0,15,"Wechem, Inc."
,0,336,108,Unknown
,0,0,32,Unknown
azacitidine for,0,58,156,Pilnova Pharma Inc
lorazepam,1,22,83,"Preferred Pharmaceuticals, Inc."
,0,0,12,Unknown
,0,286,644,Unknown
,0,0,17,Unknown
,1,122,202,Unknown
esomeprazole magnesium,0,155,548,Bryant Ranch Prepack
,1,128,54,Unknown
ranolazine,0,68,53,Viona Pharmaceuticals Inc
,1,115,241,Unknown
,0,0,28,Unknown
witch hazel,0,0,15,"Publix Super Markets, Inc"
sitagliptin and metformin hydrochloride,1,109,151,Zydus Lifesciences Limited
cholestyramine light,0,37,570,"EPIC PHARMA, LLC"
,0,3,33,Unknown
,0,0,17,Unknown
,0,0,14,Unknown
,0,0,9,Unknown
,0,0,31,Unknown
sodium chloride,0,20,33,ICU Medical Inc.
,0,0,22,Unknown
,0,0,97,Unknown
paroxetine hydrochloride hemihydrate,1,166,79,REMEDYREPACK INC.
ibuprofen,0,0,22,"Cardinal Health 110, LLC. dba Leader"
doxylamine succinate,0,0,8,ARMY AND AIR FORCE EXCHANGE SERVICE
,0,18,37,Unknown
,0,0,20,Unknown
,0,0,32,Unknown
amlodipine besylate,0,21,572,A-S Medication Solutions
,0,0,35,Unknown
"dextroamphetamine saccharate, amphetamine aspartate, dextroamphetamine sulfate and amphetamine sulfate",1,81,209,Bryant Ranch Prepack
ethyl alcohol,0,0,26,Pearl World Inc.
,1,136,88,Unknown
,0,0,33,Unknown
tolnaftate,0,0,33,Bayer HealthCare LLC.
,0,0,29,Unknown
"alfalfa, cadmium sulphuratum, calcarea carbonica, cuprum metallicum, ferrum metallicum, fucus vesiculosus, hypericum perforatum, kali phosphoricum, magnesia phosphorica, manganum metallicum, mercurius vivus, plumbum metallicum, silicea, symphytum officinale, tarentula hispana, x-ray, ytterbium oxide",0,0,40,"Deseret Biologicals, Inc."
alcohol,0,0,18,"Buckeye International, Inc."
dimenhydrinate,0,0,15,"Chain Drug Marketing Association, Inc."
,1,124,199,Unknown
,0,0,12,Unknown
,0,27,65,Unknown
,0,0,26,Unknown
,0,0,0,Unknown
levothyroxine sodium,1,28,203,Proficient Rx LP
lansoprazole,0,111,757,Xiromed LLC
antacid tablets,0,0,17,"Chain Drug Consortium, LLC"
,0,0,23,Unknown
prednisolone acetate,0,72,27,"Allergan, Inc."
zoledronic acid,0,47,202,Heritage Pharmaceuticals Inc. d/b/a Avet Pharmaceuticals Inc.
,0,0,32,Unknown
,0,0,0,Unknown
,0,0,8,Unknown
,0,0,31,Unknown
,0,0,12,Unknown
,1,86,163,Unknown
,0,0,24,Unknown
,0,77,616,Unknown
,0,0,5,Unknown
pseudoephedrine hydrochloride,0,0,23,The Kroger Company
,1,162,194,Unknown
simethicone,0,0,14,Walgreens
,0,0,41,Unknown
,0,0,22,Unknown
,0,33,68,Unknown
,0,0,11,Unknown
,0,0,0,Unknown
,1,102,139,Unknown
,0,0,4,Unknown
esomeprazole magnesium,0,162,555,A-S Medication Solutions
alcohol,0,0,14,"Tween Brands, Inc."
,0,41,21,Unknown
hydroxychloroquine sulfate,0,16,239,"Aphena Pharma Solutions - Tennessee, LLC"
,0,0,30,Unknown
,0,0,20,Unknown
"avobenzone, homosalate, octisalate, octocrylene, and oxybenzone",0,0,33,"Walmart, Inc."
,0,0,0,Unknown
,1,177,100,Unknown
tetracycline hydrochloride,0,16,388,"Breckenridge Pharmaceutical, Inc."
,0,7,13,Unknown
,0,0,92,Unknown
,0,0,18,Unknown
eptifibatide,0,154,128,Eugia US LLC
,0,107,347,Unknown
,0,21,21,Unknown
,0,0,26,Unknown
nitrofurantoin,0,236,230,Casper Pharma LLC
,0,0,15,Unknown
atorvastatin calcium,0,66,307,Bryant Ranch Prepack
cetirizine hydrochloride tablets,0,0,27,Strategic Sourcing Services LLC
,1,133,697,Unknown
sodium fluoride,0,18,96,"Rising Pharma Holdings, Inc."
,1,45,325,Unknown
,0,37,418,Unknown
acetaminophen and codeine phosphate,1,123,97,"Northwind Pharmaceuticals, LLC"
acetaminophen and codeine phosphate,1,124,136,REMEDYREPACK INC.
,0,0,14,Unknown
ondansetron hydrochloride,0,64,153,ST. MARY'S MEDICAL PARK PHARMACY
,0,0,7,Unknown
,0,0,17,Unknown
cyclobenzaprine hydrochloride,0,63,133,ST. MARY'S MEDICAL PARK PHARMACY
valsartan,1,48,588,Archis Pharma LLC
,0,0,13,Unknown
lisinopril and hydrochlorothiazide tablets,1,112,452,ST. MARY'S MEDICAL PARK PHARMACY
allopurinol,0,19,186,ST. MARY'S MEDICAL PARK PHARMACY
,0,0,22,Unknown
doxycycline,0,16,501,ST. MARY'S MEDICAL PARK PHARMACY
isopropyl alcohol,0,0,17,Dukal LLC
menthol,0,0,19,Medical Group Care LLC
menthol,0,0,28,"Ubu/Elements, Inc."
isopropyl alcohol,0,0,17,Dollar General Corporation
,0,39,87,Unknown
,0,0,5,Unknown
,0,0,27,Unknown
,0,0,6,Unknown
lidocaine patch 4%,0,0,7,Transfer Technology
"apis mellifica, borax, carduus marianus, cistus canadensis, echinacea (angustifolia), galium aparine, hepar suis, hepar sulphuris calcareum, human growth hormone, hypophysis suis, nitricum acidum, phytolacca decandra, sulphur, thuja occidentalis, thymus suis",0,0,46,"Liddell Laboratories, Inc."
lidocaine patch 4%,0,0,9,Transfer Technology
coffea cruda,0,0,9,OHM PHARMA INC.
,1,40,194,Unknown
,0,0,13,Unknown
,0,0,24,Unknown
,0,0,30,Unknown
,0,0,30,Unknown
,0,135,373,Unknown
serdexmethylphenidate and dexmethylphenidate,1,120,53,"Corium, LLC."
,0,0,15,Unknown
"cadmium sulfate, graphite, phosphoric acid, silicon dioxide, selenium, thallium, ustilago maydis",0,0,47,Homeocare Laboratories
,0,283,630,Unknown
,0,0,15,Unknown
ibuprofen,0,0,26,Family Dollar (FAMILY WELLNESS)
,1,80,76,Unknown
,0,0,16,Unknown
,0,0,15,Unknown
tramadol hydrochloride,1,222,233,Proficient Rx LP
ibuprofen,0,0,20,"Wal-Mart Stores, Inc."
"bacitracin zinc, neomycin sulfate, polymyxin b sulfate",0,0,13,Unishield
,0,36,214,Unknown
,0,0,48,Unknown
,0,0,11,Unknown
,0,0,43,Unknown
glimepiride,0,123,109,"Aphena Pharma Solutions - Tennessee, LLC"
,0,0,7,Unknown
trimethobenzamide hydrochloride,0,28,157,Bryant Ranch Prepack
,0,399,575,Unknown
,0,0,18,Unknown
,0,0,0,Unknown
,1,114,41,Unknown
tamsulosin hydrochloride,0,59,73,A-S Medication Solutions
menthol,0,0,20,RB Health (US) LLC
,1,274,242,Unknown
haloperidol,1,31,125,Lifestar Pharma LLC
,0,0,28,Unknown
"menthol, unspecified form",0,0,19,RB Health (US) LLC
,0,0,30,Unknown
,0,0,26,Unknown
,0,0,28,Unknown
,0,0,40,Unknown
naproxen sodium,0,0,35,Target Corporation
,1,33,229,Unknown
,0,10,157,Unknown
oseltamivir phosphate,0,62,282,"Asclemed USA, Inc."
aluminum chlorohydrate,0,0,7,"Toms of Maine, Inc."
,0,0,0,Unknown
,0,26,560,Unknown
,0,260,510,Unknown
glo skin beauty oil-free tinted primer spf 30,0,0,31,Hayden Caleel LLC
,0,0,132,Unknown
povidone-iodine,0,0,4,"Owens & Minor Distribution, Inc."
naltrexone hydrochloride,0,88,55,A-S Medication Solutions
,0,24,27,Unknown
,0,0,15,Unknown
ropinirole hydrochloride,0,45,59,Bryant Ranch Prepack
,0,0,3,Unknown
acetaminophen,0,0,28,Rite Aid Corporation
ketoconazole,0,21,120,"ANI Pharmaceuticals, Inc."
fenofibrate,0,128,249,A-S Medication Solutions
,1,42,608,Unknown
,0,54,473,Unknown
gaunfacine,0,14,29,A2A Integrated Pharmaceuticals
,1,74,121,Unknown
,0,0,12,Unknown
,0,0,15,Unknown
guaifenesin,0,0,23,SAM'S WEST INC
mirvetuximab soravtansine,1,7,110,"ImmunoGen, Inc."
lactulose,0,22,109,"Actavis Pharma, Inc."
,0,0,30,Unknown
ursodiol,0,54,79,AvKARE
leuprolide acetate,0,165,426,AbbVie Inc.
pravastatin sodium,0,50,234,Bryant Ranch Prepack
,0,0,29,Unknown
zinc oxide 20%,0,0,15,Rugby Laboratories
,0,0,45,Unknown
erythromycin,0,20,17,Bryant Ranch Prepack
"bacitracin zinc, neomycin sulfate , polymyxin b sulfate.",0,0,14,TRIFECTA PHARMACEUTICALS USA LLC
,1,68,240,Unknown
alcohol,0,0,17,Solventum US OpCo LLC
,0,62,151,Unknown
magnesium hydroxide,0,0,14,STRATEGIC SOURCING SERVICES LLC
docetaxel anhydrous,1,73,333,"Hospira, Inc."
,0,0,15,Unknown
,0,0,60,Unknown
,0,23,55,Unknown
,0,0,43,Unknown
clonidine hydrochloride,0,18,26,REMEDYREPACK INC.
argentum metalicum,0,0,5,AG Essence
,0,0,15,Unknown
octinoxate,0,0,30,ALTONA COSMETICS TECHNOLOGY SANAYI VE TICARET ANONIM SIRKETI
minoxidil,0,0,18,Rite Aid Corporation
,0,49,45,Unknown
naturium dew-glow moisturizer spf 50,0,0,29,"MANA Products, Inc"
,0,0,10,Unknown
,0,209,644,Unknown
,0,0,30,Unknown
benzalkonium chloride,0,0,12,"JIANGMEN SHUIZIRUN SANITARY ARTICLES CO., LTD."
,1,41,18,Unknown
,0,131,237,Unknown
,0,0,20,Unknown
decitabine,0,4,133,BluePoint Laboratories
sport spf 70 lotion,0,0,32,H.E.B
,0,0,13,Unknown
tadalafil,0,172,184,A-S Medication Solutions
,0,0,16,Unknown
,0,0,16,Unknown
,0,0,4,Unknown
caffeine,0,0,12,Kroger Company
benzalkonium chloride,0,0,14,Innocore Sales & Marketing Inc
,0,0,3,Unknown
,0,0,37,Unknown
benzalkonium chloride,0,0,14,"ERC ACQUISITION, INC."
,0,0,7,Unknown
,0,124,44,Unknown
,0,0,4,Unknown
amoxicillin and clavulanate potassium,0,106,344,A-S Medication Solutions
,0,19,868,Unknown
,1,36,722,Unknown
,0,0,31,Unknown
,0,0,5,Unknown
,0,0,4,Unknown
,0,0,14,Unknown
amitriptyline hydrochloride,1,124,23,A-S Medication Solutions
,0,0,0,Unknown
clonidine hydrochloride,0,19,28,"Aphena Pharma Solutions - Tennessee, LLC"
salicylic acid,0,0,8,"Topiderm, Inc."
,1,98,78,Unknown
otc antimicrobial drug products,0,0,29,"DermaRite Industries, LLC"
nitrous oxide,0,0,0,"Airtec Gases, LLC"
,0,0,12,Unknown
ibuprofen,0,0,22,Topco Associates LLC
"aconitum napellus, bryonia root, calcium cation, spongia officinalis skeleton, roasted, tin, medicago sativa leaf, oat, arabica coffee bean",0,0,32,Schwabe Mexico S.A. DE C.V.
baclofen injection,1,41,289,Piramal Critical Care Inc
nisoldipine,0,16,25,Mylan Pharmaceuticals Inc.
,0,0,4,Unknown
essence black pepper and cedarwood scent 48h fresh and dry antiperspirant,0,0,9,Conopco Inc. d/b/a/ Unilever
black frozen pear and cedarwood scent 48h fresh and dry antiperspirant,0,0,9,Conopco Inc. d/b/a/ Unilever
dark temptation dark chocolate scent 48h fresh and dry antiperspirant,0,0,9,Conopco Inc. d/b/a/ Unilever
phoenix crushed mint and rosemary 48h fresh and dry antiperspirant,0,0,9,Conopco Inc. d/b/a/ Unilever
,0,0,0,Unknown
,0,0,29,Unknown
,0,0,0,Unknown
,0,37,202,Unknown
argentum metalicum,0,0,25,AG Essence
,0,124,390,Unknown
capsaicin,0,0,18,Nufabrx LLC
zinc oxide,0,0,9,Balmere
,0,0,30,Unknown
,0,68,168,Unknown
zinc oxide,0,0,10,Colorescience
propylhexedrine,0,0,21,BF ASCHER AND CO INC
,0,0,15,Unknown
,0,0,27,Unknown
,0,19,88,Unknown
aspirin,0,0,27,Pharmadel LLC
,0,0,20,Unknown
,0,0,11,Unknown
,0,0,28,Unknown
hypromellose ophthalmic solution,0,0,16,Red Wedding LLC
,0,0,4,Unknown
meb gluco-vitality patch,0,0,117,"Kadesh Incoporation Co,Ltd"
,0,73,624,Unknown
,0,0,29,Unknown
"lidocaine 4%, menthol 1%",0,0,4,"Derma Care Research Labs, LLC"
,1,31,152,Unknown
cyclobenzaprine hydrochloride,0,63,133,"NuCare Pharmaceuticals,Inc."
,0,19,88,Unknown
"travoprost ophthalmic solution, 0.004%",0,7,59,Mylan Pharmaceuticals Inc.
nitrogen oxygen mix,0,0,0,"Airgas Usa, LLC"
,0,0,0,Unknown
,0,0,7,Unknown
,0,0,15,Unknown
,0,0,15,Unknown
"acetaminophen, diphenhydramine hcl",0,0,14,"SAVE-A-LOT FOOD STORES, LTD."
menthol 10.5%,0,0,20,"Derma Care Research Labs, LLC"
,0,0,15,Unknown
,0,0,15,Unknown
,0,0,11,Unknown
,0,0,15,Unknown
cefazolin,0,17,481,"WG Critical Care, LLC"
lidocaine hcl 4%,0,0,46,"Derma Care Research Labs, LLC"
norgestimate and ethinyl estradiol,1,302,60,"PD-Rx Pharmaceuticals, Inc."
topiramate,0,4,158,"Quality Care Products, LLC"
metoprolol tartrate,0,81,496,"PD-Rx Pharmaceuticals, Inc."
,1,40,521,Unknown
,0,0,7,Unknown
,0,0,22,Unknown
,0,25,114,Unknown
ranitidine,0,0,29,Dr. Reddy's Laboratories Limited
,0,0,4,Unknown
,0,19,28,Unknown
dimethicone,0,0,31,"Medline Industries, LP"
,0,0,39,Unknown
,0,0,21,Unknown
,0,0,0,Unknown
,0,0,18,Unknown
oseltamivir phosphate,0,66,285,"Lannett Company, Inc."
,0,0,29,Unknown
,1,55,168,Unknown
,0,0,60,Unknown
,1,120,50,Unknown
,0,0,8,Unknown
,0,0,38,Unknown
,0,0,19,Unknown
,0,0,30,Unknown
,0,0,12,Unknown
,0,0,30,Unknown
,0,0,23,Unknown
celecoxib,1,137,171,A-S Medication Solutions
,0,0,10,Unknown
,1,69,105,Unknown
,0,0,8,Unknown
"avobenzone, homosalate, octisalate, octocrylene, octinoxate",0,0,4,"Aloe Care International, LLC"
finasteride,0,166,82,"Camber Pharmaceuticals, Inc."
,0,42,149,Unknown
,0,0,13,Unknown
doxycycline,0,16,435,Proficient Rx LP
pyrithione zinc,0,0,11,The Kroger Co.
acetaminophen,0,0,83,Granules India Limited
,0,0,30,Unknown
acetaminophen,0,0,20,Aurohealth LLC
"avobenzone, homosalate, octisalate, and octocrylene",0,0,30,SHISEIDO AMERICAS CORPORATION
,1,16,35,Unknown
,0,0,5,Unknown
menthol 4%,0,0,18,"Derma Care Research Labs, LLC"
,0,0,30,Unknown
allantoin 0.5%,0,0,3,"Derma Care Research Labs, LLC"
sildenafil citrate,0,264,28,"PD-Rx Pharmaceuticals, Inc."
"avobenzone, homosalate, octisalate, octocrylene",0,0,30,Old East Main CO.
,1,84,141,Unknown
advanced peach and chamomile tea dry spray 72h antiperspirant deodorant,0,0,5,"Conopco, Inc. d/b/a Unilever"
"lidocaine 5%, phenylephrine hydrochloride 0.25%",0,0,13,Derma Care Research Labs
,0,0,39,Unknown
naproxen sodium,0,0,26,Bayer HealthCare LLC.
doxepin hydrochloride,0,154,54,"Golden State Medical Supply, Inc."
fexofenadine hcl,0,0,23,CVS
,0,0,39,Unknown
lidocaine 4%,0,0,42,"Derma Care Research Labs, LLC"
,0,31,19,Unknown
,1,46,319,Unknown
avobenzone/octisalate/octocrylene,0,0,4,Mary Kay Inc.
,0,0,38,Unknown
,1,59,261,Unknown
apraclonidine hydrochloride ophthalmic solution,0,27,29,"Harrow Eye, LLC"
,1,166,484,Unknown
,1,60,92,Unknown
,0,0,30,Unknown
guanfacine,0,47,64,Bryant Ranch Prepack
,0,0,35,Unknown
"camphor (synthetic), eucalyptus oil, menthol",0,0,38,Procter & Gamble Manufactura S de RL de CV
,0,24,24,Unknown
,1,42,314,Unknown
,0,25,306,Unknown
,0,0,12,Unknown
,0,0,9,Unknown
,0,53,26,Unknown
,0,41,22,Unknown
,1,0,42,Unknown
lisinopril and hydrochlorothiazide,1,111,454,"PD-Rx Pharmaceuticals, Inc."
,0,0,21,Unknown
,0,0,29,Unknown
,0,16,20,Unknown
mesalamine,0,63,74,Amneal Pharmaceuticals LLC
diphenhydramine hcl,0,0,38,Lidl US LLC
,0,42,15,Unknown
dextromethorphan,0,0,31,ATLANTIC BIOLOGICALS CORP.
cough spray,0,0,35,"Saint Medicine, Inc."
,0,0,15,Unknown
,1,375,125,Unknown
,0,80,343,Unknown
,0,0,21,Unknown
,0,0,66,Unknown
,0,0,41,Unknown
white petrolatum,0,0,29,WAL-MART STORES INC
"acetaminophen,caffeine",0,0,12,WAL-MART STORES INC
benzoyl peroxide,0,0,25,"Topiderm, Inc."
lidocaine,0,29,25,"Quality Care; Products, LLC"
bupivacaine hydrochloride,1,109,221,"Henry Schein, Inc."
amoxicillin,0,56,498,A-S Medication Solutions
eszopiclone,1,71,111,"Camber Pharmaceuticals, Inc."
,0,60,109,Unknown
,0,0,18,Unknown
tizanidne hydrochloride,0,47,93,Bryant Ranch Prepack
nitisinone,0,7,64,Cycle Pharmaceuticals Ltd.
,1,31,19,Unknown
clindamycin phosphate,0,34,45,Bryant Ranch Prepack
,1,101,135,Unknown
,0,0,44,Unknown
,0,0,10,Unknown
apollo sage and cedarwood scent 48h fresh and dry antiperspirant,0,0,9,Conopco Inc. d/b/a/ Unilever
,1,37,21,Unknown
,0,0,4,Unknown
,0,52,24,Unknown
benzalkonium chloride,0,0,6,Kroger Company
,0,0,5,Unknown
benzalkonium chloride,0,0,6,Kroger Company
nicotine polacrilex,0,0,12,Wal-Mart Stores Inc
clonidine hydrochloride,0,50,68,"Actavis Pharma, Inc."
,1,46,539,Unknown
benzalkonium chloride,0,0,6,Kroger Company
,0,27,78,Unknown
benzalkonium chloride,0,0,6,Kroger Company
,0,0,41,Unknown
"acetaminophen, dextromethorphan hydrobromide, guaifenesin, phenylephrine hydrochloride",0,0,77,Amazon.com Services LLC
,0,64,84,Unknown
,0,24,79,Unknown
,0,0,23,Unknown
pregabalin,0,48,99,Bryant Ranch Prepack
,0,0,19,Unknown
,0,17,354,Unknown
berberis quartz,0,0,5,URIEL PHARMACY INC.
carvedilol,0,191,191,QPharma Inc
,0,0,16,Unknown
eszopiclone,1,75,111,Preferred Pharmaceuticals Inc.
,1,77,512,Unknown
naltrexone hydrochloride,0,92,49,A-S Medication Solutions
,1,80,77,Unknown
,0,16,54,Unknown
,0,51,161,Unknown
guaifenesin and pseudoephedrine hcl,0,0,53,Walgreens Company
,0,0,11,Unknown
tropicamide,0,12,10,Sandoz Inc
,0,0,13,Unknown
,0,0,29,Unknown
chlorthalidone,0,10,290,"Unichem Pharmaceuticals (USA), Inc."
doxycycline hyclate,0,16,501,"NuCare Pharmaceuticals,Inc."
,0,59,73,Unknown
,0,0,11,Unknown
trandolapril,1,81,122,"Rising Pharma Holdings, Inc."
calcium carbonate,0,0,13,Advance Pharmaceutical Inc.
,0,0,0,Unknown
,0,0,4,Unknown
codeine sulfate,1,241,280,Hikma Pharmaceuticals USA Inc.
docusate sodium,0,0,20,H E B
,0,0,15,Unknown
,0,0,12,Unknown
"agaricus muscarius, cuprum met, hypophysis, rhus tox",0,0,9,RUBIMED AG
isopropyl alcohol,0,0,16,Universal Distribution Center LLC
olopatadine hydrochloride ophthalmic solution,0,0,16,"WAL-MART STORES, INC.,"
solifenacin succinate,0,124,56,"Glenmark Pharmaceuticals Inc., USA"
acetaminophen 500mg/ diphenhydramine hcl 25mg,0,0,14,TIME CAP LABS INC
minoxidil,0,0,18,Costco Wholesale Company
,0,0,31,Unknown
,0,0,14,Unknown
,0,0,17,Unknown
,0,0,30,Unknown
,1,120,39,Unknown
,0,0,14,Unknown
,1,45,461,Unknown
